Transaction ID,Date of Purchase,Time of Purchase,Purchase Type,Payment Method,Railcard,Ticket Class,Ticket Type,Price,Departure Station,Arrival Destination,Date of Journey,Departure Time,Arrival Time,Actual Arrival Time,Journey Status,Reason for Delay,Refund Request
5301decf-f6b3-4649-acd4,20240428,185124,Station,Credit Card,Adult,Standard,Off-Peak,321.1,London Kings Cross,Liverpool Lime Street,20240428,201500,223000,223000,On Time,,No
cc4bb8fa-7482-4e7b-a3e0,20240428,185409,Online,Credit Card,Adult,Standard,Off-Peak,64.22,London Paddington,Reading,20240428,201500,211500,211500,On Time,,No
b80c33c0-9368-40ff-b35b,20240428,185807,Station,Credit Card,,Standard,Off-Peak,19.76,Manchester Piccadilly,Liverpool Lime Street,20240428,201500,204500,204500,On Time,,No
d7139df2-369e-4a18-a9e9,20240428,191100,Online,Contactless,,Standard,Off-Peak,59.28,London St Pancras,Birmingham New Street,20240428,203000,215000,215000,On Time,,No
0ce02210-ac2a-4899-9d6a,20240428,191910,Station,Credit Card,,Standard,Off-Peak,49.400000000000006,London Euston,Birmingham New Street,20240428,204500,220500,220500,On Time,,No
3bfca977-b2de-4430-8526,20240428,193103,Station,Credit Card,,Standard,Advance,14.82,Manchester Piccadilly,Liverpool Lime Street,20240429,174500,181500,184200,Delayed,Signal failure,No
6fce158e-3cea-4a03-be58,20240428,193945,Station,Credit Card,,Standard,Advance,14.82,Manchester Piccadilly,Liverpool Lime Street,20240429,174500,181500,184200,Delayed,Signal failure,No
8fd7e0a1-6a45-412d-8347,20240428,194041,Station,Credit Card,,Standard,Advance,14.82,Manchester Piccadilly,Liverpool Lime Street,20240429,174500,181500,184200,Delayed,Signal failure,No
7ba3d0c7-3d14-4cf5-b840,20240428,195054,Station,Contactless,,Standard,Advance,64.22,London Paddington,Reading,20240429,181500,191500,191500,On Time,,No
10c11849-6789-4551-b7aa,20240428,195417,Station,Contactless,,Standard,Advance,64.22,London Paddington,Reading,20240429,181500,191500,191500,On Time,,No
b709484f-6dfa-4a6a-ab05,20240428,195956,Station,Credit Card,,Standard,Advance,39.52,London St Pancras,Birmingham New Street,20240429,181500,193500,193500,On Time,,No
a75c9b8d-7d21-4338-ba80,20240428,200153,Online,Credit Card,Adult,Standard,Advance,9.88,Liverpool Lime Street,Manchester Piccadilly,20240429,183000,190000,190000,On Time,,No
8f100e87-fa24-4a45-a906,20240428,200315,Station,Credit Card,,Standard,Off-Peak,49.400000000000006,London Euston,Birmingham New Street,20240428,213000,225000,225000,On Time,,No
84a917f8-d821-445a-b8d8,20240428,201034,Station,Contactless,Adult,Standard,Advance,64.22,Birmingham New Street,York,20240429,183000,201500,201500,On Time,,No
30f9a567-6025-4c2b-97b6,20240428,201206,Station,Credit Card,,Standard,Off-Peak,93.86000000000001,London Paddington,Reading,20240428,213000,223000,223000,On Time,,No
03dcc0ed-8ccb-4f1e-bb33,20240428,201534,Online,Credit Card,,Standard,Advance,34.580000000000005,Birmingham New Street,Nuneaton,20240429,184500,190500,190500,On Time,,No
7c4daf1d-6b85-4c10-b642,20240428,201836,Online,Credit Card,,Standard,Advance,39.52,London St Pancras,Birmingham New Street,20240429,184500,200500,200500,On Time,,No
cd7dd058-ab7e-4607-a8aa,20240428,201847,Online,Contactless,,Standard,Off-Peak,49.400000000000006,London Euston,Birmingham New Street,20240428,214500,230500,230500,On Time,,No
88d71d99-ad2a-4055-9d76,20240428,202023,Online,Credit Card,,Standard,Advance,24.700000000000003,Birmingham New Street,Tamworth,20240429,184500,190500,190500,On Time,,No
50a92a1b-9e7e-44ba-924f,20240428,202223,Online,Credit Card,Senior,Standard,Advance,29.64,Liverpool Lime Street,Crewe,20240429,184500,192000,192000,On Time,,No
d42992f4-9543-4dad-8c26,20240428,202334,Station,Contactless,,Standard,Advance,172.9,London Kings Cross,York,20240429,174500,193500,193500,On Time,,No
361d9adc-dc7a-4df4-82ca,20240428,202620,Online,Credit Card,,Standard,Advance,14.82,Birmingham New Street,Coventry,20240429,184500,190500,190500,On Time,,No
68e7fdbf-514a-4164-8ffe,20240428,202723,Online,Credit Card,,Standard,Advance,39.52,London St Pancras,Birmingham New Street,20240429,184500,200500,200500,On Time,,No
a10e4745-4682-442f-ae36,20240428,202724,Online,Credit Card,,Standard,Advance,34.580000000000005,Birmingham New Street,Nuneaton,20240429,184500,190500,190500,On Time,,No
94054bcf-67d6-4dc1-bae1,20240428,203048,Station,Contactless,,Standard,Advance,172.9,London Kings Cross,York,20240429,174500,193500,193500,On Time,,No
d948c029-9155-4d63-b747,20240428,203341,Online,Contactless,,Standard,Advance,118.56,York,Edinburgh,20240429,190000,213000,213000,On Time,,No
2e92ef59-72e8-4ed5-b334,20240428,203838,Online,Contactless,,Standard,Off-Peak,74.10000000000001,Liverpool Lime Street,Leeds,20240428,220000,233000,233000,On Time,,No
1504415c-de3e-4ac7-86aa,20240428,204421,Online,Contactless,,Standard,Advance,118.56,York,Edinburgh,20240429,190000,213000,213000,On Time,,No
caaa2868-c64c-4d09-bd91,20240428,205934,Station,Credit Card,,Standard,Off-Peak,261.82,London Kings Cross,York,20240428,221500,500,500,On Time,,No
c9a9c331-b7b1-4169-a2d7,20240428,211929,Online,Contactless,,Standard,Advance,39.52,London St Pancras,Birmingham New Street,20240429,194500,210500,,Cancelled,Staff Shortage,No
6e97fcc5-9f2e-4614-9ce6,20240428,212823,Station,Contactless,,Standard,Advance,172.9,London Kings Cross,York,20240429,194500,213500,213500,On Time,,No
cf2baf32-0f68-45d7-a827,20240428,213016,Station,Credit Card,,Standard,Advance,64.22,London Paddington,Reading,20240429,200000,210000,210000,On Time,,No
fa5ae335-7db1-40d9-8858,20240428,213348,Station,Credit Card,,Standard,Advance,64.22,London Paddington,Reading,20240429,200000,210000,210000,On Time,,No
99ada59d-25fe-4c51-8b9c,20240428,214142,Online,Credit Card,Adult,Standard,Advance,9.88,Manchester Piccadilly,Liverpool Lime Street,20240429,200000,203000,203000,On Time,,No
64c1167a-364d-4825-ab98,20240428,214503,Online,Credit Card,Adult,Standard,Advance,39.52,London Paddington,Reading,20240429,201500,211500,211500,On Time,,No
507ab90f-1d00-4e5f-93a9,20240428,215245,Station,Contactless,,Standard,Advance,14.82,Liverpool Lime Street,Manchester Piccadilly,20240429,201500,204500,204500,On Time,,No
db6eac37-7a61-4f73-a93d,20240428,224439,Online,Contactless,Adult,Standard,Advance,9.88,Manchester Piccadilly,Liverpool Lime Street,20240429,0,3000,3000,On Time,,No
b039651e-a459-4eec-9a16,20240428,224441,Online,Contactless,Adult,Standard,Advance,9.88,Manchester Piccadilly,Liverpool Lime Street,20240429,0,3000,3000,On Time,,No
011c4eb9-1d19-4b32-bfe8,20240428,232019,Station,Credit Card,,Standard,Advance,14.82,Liverpool Lime Street,Manchester Piccadilly,20240429,4500,11500,11500,On Time,,No
85d652ff-9062-4ffc-9017,20240428,233015,Online,Credit Card,,Standard,Advance,64.22,London Paddington,Reading,20240429,10000,20000,20000,On Time,,No
29be0054-dd38-4936-97bf,20240428,234703,Station,Credit Card,,Standard,Advance,172.9,London Kings Cross,York,20240429,221500,500,500,On Time,,No
8c6a13e1-6c9c-4b88-81b1,20240428,235559,Station,Credit Card,,Standard,Advance,172.9,London Kings Cross,York,20240429,221500,500,500,On Time,,No
c8e16fda-634d-479e-b962,20240428,235700,Station,Credit Card,Adult,Standard,Advance,19.76,London Euston,Birmingham New Street,20240429,221500,233500,233500,On Time,,No
c057f722-f91b-476d-8ed9,20240429,1603,Online,Contactless,,Standard,Off-Peak,49.400000000000006,London Euston,Birmingham New Street,20240429,224500,500,500,On Time,,No
e9815e07-0c29-4f73-8514,20240429,1652,Online,Contactless,,Standard,Off-Peak,54.34,York,Durham,20240429,14500,23500,23500,On Time,,No
d1d6b5bb-cebc-45a8-b5b5,20240429,2505,Online,Contactless,,Standard,Off-Peak,54.34,York,Durham,20240429,14500,23500,23500,On Time,,No
550b7a4b-6043-4bb4-be65,20240429,3741,Station,Credit Card,,Standard,Advance,64.22,London Paddington,Reading,20240430,230000,0,0,On Time,,No
6b3f270c-adda-4a34-8aba,20240429,4859,Online,Credit Card,,Standard,Off-Peak,49.400000000000006,London Euston,Birmingham New Street,20240429,21500,33500,33500,On Time,,No
7edfcfc5-615e-4023-9dee,20240429,5320,Online,Credit Card,,Standard,Off-Peak,49.400000000000006,London Euston,Birmingham New Street,20240429,21500,33500,33500,On Time,,No
ab49f259-e8b0-4722-a713,20240429,10238,Online,Credit Card,,Standard,Advance,375.44000000000005,Liverpool Lime Street,London Euston,20240430,233000,14500,14500,On Time,,No
3350e968-de05-442a-9c49,20240429,10531,Station,Contactless,,Standard,Advance,34.580000000000005,London Euston,Birmingham New Street,20240430,233000,5000,5000,On Time,,No
ff29f0e2-d3ee-4af1-a166,20240429,11307,Online,Contactless,,Standard,Off-Peak,528.58,London Euston,Manchester Piccadilly,20240429,23000,42000,42000,On Time,,No
820301aa-10e9-45e7-872e,20240429,11927,Online,Contactless,Disabled,Standard,Advance,24.700000000000003,York,Durham,20240430,234500,3500,3500,On Time,,No
ae473066-73af-4c9a-8d81,20240429,12631,Online,Contactless,Disabled,Standard,Off-Peak,39.52,York,Durham,20240429,234500,3500,3500,On Time,,No
9781f979-e5ec-4632-ad5f,20240429,13252,Station,Credit Card,,First Class,Advance,266.76000000000005,London St Pancras,Birmingham New Street,20240430,0,12000,12000,On Time,,No
3b350923-672b-4798-b0bf,20240429,13307,Online,Contactless,Adult,Standard,Advance,9.88,Manchester Piccadilly,Liverpool Lime Street,20240430,0,3000,3000,On Time,,No
9c84a4a1-2297-49ae-99f0,20240429,14018,Online,Contactless,,First Class,Advance,49.400000000000006,Manchester Piccadilly,Liverpool Lime Street,20240430,0,3000,3000,On Time,,No
63aa4e64-268d-44ac-af8f,20240429,15851,Station,Credit Card,,Standard,Off-Peak,93.86000000000001,London Paddington,Reading,20240429,31500,41500,41500,On Time,,No
fda6bad5-7668-44ea-929e,20240429,20255,Online,Contactless,Adult,Standard,Advance,237.12,London Euston,Manchester Piccadilly,20240430,3000,22000,22000,On Time,,No
09611bd1-8d04-48ee-8647,20240429,20310,Online,Contactless,,Standard,Advance,172.9,London Kings Cross,York,20240430,3000,22000,22000,On Time,,No
4ac47f96-d9c7-4695-a146,20240429,21020,Online,Credit Card,,Standard,Off-Peak,24.700000000000003,Liverpool Lime Street,Manchester Piccadilly,20240429,33000,40000,40000,On Time,,No
3ea33e86-34c4-4562-b34c,20240429,21959,Online,Contactless,,Standard,Off-Peak,291.46000000000004,York,Birmingham New Street,20240429,34500,60000,60000,On Time,,No
e931ba3f-e7f6-43d7-8cc9,20240429,22243,Station,Credit Card,,Standard,Advance,14.82,Liverpool Lime Street,Manchester Piccadilly,20240430,4500,11500,11500,On Time,,No
2ca5ba72-8e9d-4b4f-8aa7,20240429,22751,Online,Contactless,,Standard,Off-Peak,49.400000000000006,London Euston,Birmingham New Street,20240429,34500,50500,50500,On Time,,No
5d5c03b5-5648-4e4f-a6e2,20240429,22810,Station,Credit Card,,Standard,Off-Peak,261.82,London Kings Cross,York,20240429,34500,53500,53500,On Time,,No
1fe14293-1d03-48b6-a965,20240429,22829,Online,Contactless,Adult,Standard,Off-Peak,172.9,London Kings Cross,York,20240429,34500,53500,53500,On Time,,No
f166057b-6b67-4bc8-b324,20240429,23800,Online,Contactless,,Standard,Off-Peak,261.82,London Kings Cross,York,20240429,40000,55000,55000,On Time,,No
b0ab3a04-3f8e-449c-9e7b,20240429,24633,Station,Credit Card,,Standard,Off-Peak,59.28,London St Pancras,Birmingham New Street,20240429,41500,53500,53500,On Time,,No
7f425aaf-1ba9-4fbe-93af,20240429,30719,Online,Credit Card,,Standard,Advance,14.82,Manchester Piccadilly,Liverpool Lime Street,20240430,13000,20000,23700,Delayed,Signal Failure,Yes
2f3a647b-cbc1-499e-8b2c,20240429,31512,Station,Credit Card,,Standard,Advance,49.400000000000006,Liverpool Lime Street,Leeds,20240430,14500,31500,31500,On Time,,No
0c576c5d-cf3f-4517-8c5f,20240429,32505,Online,Contactless,,Standard,Advance,39.52,York,Durham,20240430,14500,23500,23500,On Time,,No
b2dfc204-c518-4efa-99a8,20240429,32532,Online,Credit Card,,Standard,Advance,83.98,Oxford,Bristol Temple Meads,20240430,14500,30000,30000,On Time,,No
20f2eeba-284a-4470-8f4f,20240429,34857,Station,Credit Card,,Standard,Advance,14.82,Liverpool Lime Street,Manchester Piccadilly,20240430,21500,24500,24500,On Time,,No
d7448944-754b-4d1c-8faa,20240429,34943,Online,Credit Card,Disabled,Standard,Off-Peak,64.22,London Paddington,Reading,20240429,51500,61500,61500,On Time,,No
1e5a1ae5-21dc-4f66-ad72,20240429,41234,Online,Contactless,,Standard,Advance,355.68,London Euston,Manchester Piccadilly,20240430,23000,42000,42000,On Time,,No
169dea8d-4039-4e23-af4f,20240429,43131,Online,Credit Card,,Standard,Advance,14.82,Liverpool Lime Street,Manchester Piccadilly,20240430,30000,33000,33000,On Time,,No
abc91d8f-3737-4073-9c87,20240429,45140,Online,Debit Card,Senior,Standard,Anytime,83.98,London Paddington,Reading,20240429,61500,71500,71500,On Time,,No
c89bf7a4-3fb2-4fd4-8ddb,20240429,45541,Online,Credit Card,Senior,Standard,Anytime,14.82,Manchester Piccadilly,Liverpool Lime Street,20240429,61500,64500,64500,On Time,,No
d7289ac4-9fd6-4457-bda9,20240429,50119,Online,Credit Card,Disabled,Standard,Anytime,34.580000000000005,York,Doncaster,20240429,63000,70000,70000,On Time,,No
344ec159-77b4-4ac7-a1f7,20240429,50519,Online,Credit Card,,Standard,Anytime,64.22,London Euston,Birmingham New Street,20240429,63000,75000,75000,On Time,,No
0e0a438a-4fa4-4c64-9b30,20240429,50550,Station,Credit Card,,Standard,Anytime,24.700000000000003,Manchester Piccadilly,Liverpool Lime Street,20240429,63000,70000,70000,On Time,,No
5aa07a1e-b902-4267-8e2c,20240429,50951,Station,Credit Card,Adult,Standard,Anytime,133.38000000000002,Birmingham New Street,London Euston,20240429,63000,75000,75000,On Time,,No
49bbc3ea-febb-4ef8-ab1b,20240429,51343,Online,Credit Card,Adult,Standard,Advance,9.88,Manchester Piccadilly,Liverpool Lime Street,20240430,33000,40000,40000,On Time,,No
b216c865-6c52-4f18-a0e7,20240429,51659,Online,Contactless,,Standard,Anytime,79.04,London St Pancras,Birmingham New Street,20240429,64500,80500,80500,On Time,,No
733957ad-36fb-44a0-b339,20240429,55810,Online,Credit Card,Disabled,Standard,Advance,39.52,London Paddington,Reading,20240430,41500,51500,55400,Delayed,Staff Shortage,No
0e10e8a7-60dc-4add-a7de,20240429,60209,Online,Credit Card,,Standard,Anytime,88.92,Reading,Swindon,20240429,73000,81500,81500,On Time,,No
fada8302-298d-4d5e-a89d,20240429,60322,Online,Credit Card,,Standard,Anytime,345.8,London Kings Cross,York,20240429,73000,92000,92000,On Time,,No
cc218738-17c5-49f4-a4db,20240429,60754,Online,Credit Card,,Standard,Advance,14.82,Liverpool Lime Street,Manchester Piccadilly,20240430,43000,50000,50000,On Time,,No
9bf5a128-07da-41c3-bf4e,20240429,60806,Online,Credit Card,,Standard,Anytime,330.98,York,Peterborough,20240429,73000,84000,84000,On Time,,No
67dd892b-dcb9-4a47-9a33,20240429,61042,Online,Contactless,,Standard,Advance,172.9,London Kings Cross,York,20240430,43000,62000,62000,On Time,,No
94f6dc86-f8c2-43ed-aea5,20240429,61404,Online,Contactless,,Standard,Advance,172.9,London Kings Cross,York,20240430,43000,62000,62000,On Time,,No
65c96008-5b9c-4839-8d7a,20240429,61754,Online,Contactless,,Standard,Advance,172.9,London Kings Cross,York,20240430,44500,63500,63500,On Time,,No
15ff7327-d815-47a9-b4e8,20240429,63015,Station,Credit Card,,Standard,Anytime,745.94,Liverpool Lime Street,London Euston,20240429,80000,101500,101500,On Time,,No
0f94ecae-153f-48f7-bee2,20240429,64142,Station,Contactless,,First Class,Anytime,563.1600000000001,London Kings Cross,York,20240429,80000,95000,95000,On Time,,No
b10e815d-f4bb-4259-a8df,20240429,65511,Online,Credit Card,,Standard,Anytime,93.86000000000001,Manchester Piccadilly,Leeds,20240429,81500,90000,90000,On Time,,No
d86864bb-b61b-40db-807f,20240429,71309,Online,Credit Card,Adult,Standard,Anytime,14.82,Manchester Piccadilly,Liverpool Lime Street,20240429,83000,90000,90000,On Time,,No
615a95c1-cca3-47ec-a5e8,20240429,71702,Station,Contactless,Adult,Standard,Advance,9.88,Liverpool Lime Street,Manchester Piccadilly,20240430,54500,61500,64300,Delayed,Signal Failure,No
d12a5128-217f-4db8-b17c,20240429,71711,Online,Credit Card,,Standard,Anytime,123.50000000000001,London Paddington,Reading,20240429,74500,84500,84500,On Time,,No
7d36ff57-3df7-44d8-b6c6,20240429,71740,Online,Credit Card,,Standard,Anytime,123.50000000000001,London Paddington,Reading,20240429,74500,84500,84500,On Time,,No
4ffb5e68-ad35-4bb8-9681,20240429,72056,Online,Credit Card,,Standard,Anytime,172.9,London Paddington,Oxford,20240429,74500,91500,91500,On Time,,No
ce7d88d5-0caf-49be-83e2,20240429,72705,Online,Credit Card,,First Class,Anytime,266.76000000000005,London Paddington,Reading,20240429,74500,84500,84500,On Time,,No
15681b87-7511-49cb-9a5f,20240429,73042,Online,Contactless,,Standard,Off-Peak,93.86000000000001,London Paddington,Reading,20240429,90000,100000,100000,On Time,,No
dea2a250-1500-4c95-81a0,20240429,73231,Online,Contactless,,Standard,Off-Peak,93.86000000000001,London Paddington,Reading,20240429,90000,100000,100000,On Time,,No
baf79594-5df7-4137-8c82,20240429,74646,Online,Debit Card,Senior,Standard,Advance,39.52,London Paddington,Reading,20240430,61500,71500,71500,On Time,,No
8bdd4d63-79c0-4bfe-b41d,20240429,74743,Online,Contactless,Senior,Standard,Off-Peak,14.82,Manchester Piccadilly,Liverpool Lime Street,20240429,91500,94500,94500,On Time,,No
4e52e306-a674-4d0c-89e7,20240429,74933,Online,Credit Card,Senior,Standard,Advance,9.88,Manchester Piccadilly,Liverpool Lime Street,20240430,61500,64500,64500,On Time,,No
19cba205-e10a-4382-b8c3,20240429,75642,Online,Contactless,Adult,First Class,Off-Peak,49.400000000000006,Manchester Piccadilly,Liverpool Lime Street,20240429,91500,94500,94500,On Time,,No
f340815c-1d32-4680-83b7,20240429,75757,Station,Contactless,,Standard,Advance,14.82,Manchester Piccadilly,Liverpool Lime Street,20240430,61500,64500,64500,On Time,,No
2b25cff3-b117-4702-8c18,20240429,75820,Online,Debit Card,Senior,First Class,Advance,88.92,London Paddington,Reading,20240430,61500,71500,71500,On Time,,No
8d996a29-aed1-41eb-b367,20240429,80342,Station,Credit Card,Disabled,Standard,Advance,74.10000000000001,Birmingham New Street,London St Pancras,20240430,63000,75000,75000,On Time,,No
52cffc6e-acfe-456a-9c27,20240429,80351,Station,Credit Card,,Standard,Advance,14.82,Manchester Piccadilly,Liverpool Lime Street,20240430,63000,70000,70000,On Time,,No
752857e9-702a-4944-9d93,20240429,80510,Online,Credit Card,Adult,Standard,Advance,19.76,London Euston,Birmingham New Street,20240430,63000,75000,75000,On Time,,No
ef6c7081-f41d-4fc6-8352,20240429,81509,Online,Credit Card,,Standard,Advance,14.82,Liverpool Lime Street,Manchester Piccadilly,20240430,64500,71500,71500,On Time,,No
549e2451-3e51-44d4-aa17,20240429,82009,Online,Contactless,,Standard,Advance,39.52,London St Pancras,Birmingham New Street,20240430,64500,80500,80500,On Time,,No
7ed3b8b1-b943-4b12-9869,20240429,82031,Online,Credit Card,,Standard,Advance,64.22,London Paddington,Reading,20240430,74500,84500,84500,On Time,,No
00f84afe-af7a-45c6-b88c,20240429,82155,Online,Credit Card,,Standard,Advance,88.92,London Paddington,Oxford,20240430,74500,91500,91500,On Time,,No
a86e3695-efe1-4d79-8319,20240429,82418,Station,Contactless,Adult,Standard,Advance,113.62,London Kings Cross,York,20240430,64500,83500,83500,On Time,,No
1b6c1e8f-c07b-40e1-8a81,20240429,82639,Station,Credit Card,,Standard,Advance,172.9,London Kings Cross,York,20240430,64500,83500,83500,On Time,,No
127e4c1a-b8a9-4f11-9fcd,20240429,84727,Online,Contactless,Adult,Standard,Advance,9.88,Manchester Piccadilly,Liverpool Lime Street,20240430,71500,74500,74500,On Time,,No
02781d73-5f80-4ee7-98f7,20240429,85655,Station,Credit Card,,Standard,Off-Peak,573.0400000000001,Liverpool Lime Street,London St Pancras,20240429,101500,124500,124500,On Time,,No
c2d00f71-4fcf-4d2b-9d74,20240429,90628,Online,Credit Card,Senior,Standard,Advance,29.64,Liverpool Lime Street,Crewe,20240430,73000,80500,80500,On Time,,No
790af256-4582-4280-a004,20240429,90635,Online,Credit Card,Disabled,First Class,Advance,34.580000000000005,York,Doncaster,20240430,73000,80000,,Cancelled,Signal Failure,No
c3713629-d616-4225-ba7c,20240429,90843,Online,Credit Card,,Standard,Advance,167.96,York,Peterborough,20240430,73000,84000,84000,On Time,,No
3f8f15a5-0919-4200-8df0,20240429,90928,Online,Credit Card,,Standard,Advance,167.96,York,Peterborough,20240430,73000,84000,84000,On Time,,No
8a3405c0-ae50-4bd3-8d6b,20240429,91755,Station,Credit Card,,Standard,Off-Peak,49.400000000000006,London Euston,Birmingham New Street,20240429,104500,120500,120500,On Time,,No
29a806c7-7bbb-43e0-944e,20240429,93300,Station,Credit Card,,Standard,Advance,375.44000000000005,Liverpool Lime Street,London Euston,20240430,80000,101500,110400,Delayed,Weather,No
123bfaf3-6353-427c-b40f,20240429,93332,Station,Contactless,,Standard,Off-Peak,49.400000000000006,London Euston,Birmingham New Street,20240429,110000,122000,131300,Delayed,Staff Shortage,No
80481c76-848f-4083-b205,20240429,93609,Station,Contactless,Adult,Standard,Off-Peak,118.56,York,Edinburgh,20240429,110000,133000,133000,On Time,,No
32c0eab3-d908-4058-abe9,20240429,93817,Online,Credit Card,,Standard,Advance,64.22,London Paddington,Reading,20240430,80000,90000,90000,On Time,,No
be3cb016-6f12-4f51-8086,20240429,93843,Station,Contactless,Adult,First Class,Off-Peak,177.84,York,Edinburgh,20240429,110000,133000,133000,On Time,,No
4f81e23c-ab09-45d8-b9dc,20240429,94849,Station,Credit Card,Disabled,Standard,Advance,19.76,London Euston,Birmingham New Street,20240430,81500,93500,,Cancelled,Signal Failure,No
7a1fd572-a158-451d-baa1,20240429,95919,Online,Credit Card,Adult,Standard,Advance,24.700000000000003,London St Pancras,Birmingham New Street,20240430,81500,93500,93500,On Time,,No
85802b33-cdbb-4798-9214,20240429,101657,Station,Credit Card,,Standard,Advance,64.22,London Paddington,Reading,20240430,84500,94500,94500,On Time,,No
42b4cd18-9470-4fd0-953c,20240429,101851,Online,Credit Card,,Standard,Advance,172.9,London Kings Cross,York,20240430,84500,103500,103500,On Time,,No
0885cbc9-b84e-4d7c-890a,20240429,103111,Online,Debit Card,Senior,First Class,Advance,187.72000000000003,London Kings Cross,York,20240430,90000,105000,105000,On Time,,No
2bb29587-564d-46e3-9049,20240429,103232,Station,Contactless,Adult,Standard,Advance,39.52,Manchester Piccadilly,Nottingham,20240430,90000,100000,104500,Delayed,Signal Failure,No
1a0f5a53-4bb2-4b5f-94ad,20240429,103718,Online,Contactless,,Standard,Advance,64.22,London Paddington,Reading,20240430,90000,100000,100000,On Time,,No
075327d4-6862-4f6b-a3e3,20240429,104343,Online,Contactless,,First Class,Off-Peak,395.20000000000005,London St Pancras,Birmingham New Street,20240429,120000,132000,132000,On Time,,No
09d23bbd-e06e-4cf0-943b,20240429,104453,Online,Debit Card,Senior,Standard,Advance,24.700000000000003,London St Pancras,Birmingham New Street,20240430,90000,102000,102000,On Time,,No
81869885-6fa8-4cfb-83cf,20240429,104916,Station,Credit Card,,Standard,Off-Peak,59.28,London St Pancras,Birmingham New Street,20240429,121500,133500,133500,On Time,,No
edadc239-26fe-47a5-89d1,20240429,105227,Online,Credit Card,Disabled,Standard,Advance,39.52,London Paddington,Reading,20240430,91500,101500,101500,On Time,,No
6dd8e408-e46d-4eeb-9ad2,20240429,105327,Online,Contactless,Senior,Standard,Advance,9.88,Manchester Piccadilly,Liverpool Lime Street,20240430,91500,94500,94500,On Time,,No
13c654a4-bd8b-4fca-8a3c,20240429,105439,Station,Credit Card,,Standard,Advance,14.82,Liverpool Lime Street,Manchester Piccadilly,20240430,91500,94500,94500,On Time,,No
a40f443d-9619-45df-bbbc,20240429,105455,Online,Contactless,Adult,Standard,Advance,9.88,Manchester Piccadilly,Liverpool Lime Street,20240430,91500,94500,94500,On Time,,No
5bd29e6b-c101-4dec-8e84,20240429,114344,Online,Contactless,,Standard,Off-Peak,261.82,London Kings Cross,York,20240429,130000,145000,145000,On Time,,No
5c464a0b-ac91-4d90-82ab,20240429,114834,Station,Contactless,Senior,Standard,Off-Peak,14.82,Manchester Piccadilly,Liverpool Lime Street,20240429,131500,134500,134500,On Time,,No
774bddc1-b530-43eb-b20c,20240429,115332,Online,Credit Card,,Standard,Off-Peak,49.400000000000006,London Euston,Birmingham New Street,20240429,131500,143500,143500,On Time,,No
ad666e9c-706a-4eb9-a8ca,20240429,115433,Station,Contactless,Senior,Standard,Off-Peak,14.82,Manchester Piccadilly,Liverpool Lime Street,20240429,131500,134500,134500,On Time,,No
31bd822c-5d5b-4520-894b,20240429,115605,Online,Credit Card,,First Class,Off-Peak,385.32000000000005,London Euston,Birmingham New Street,20240429,131500,143500,143500,On Time,,No
a095944c-9711-4901-a292,20240429,120252,Station,Contactless,Senior,Standard,Off-Peak,14.82,Manchester Piccadilly,Liverpool Lime Street,20240429,133000,140000,140000,On Time,,No
2cede04c-8fa2-404d-a3bd,20240429,120505,Station,Debit Card,,Standard,Advance,34.580000000000005,London Euston,Birmingham New Street,20240430,103000,115000,115000,On Time,,No
94a84fef-e20d-4f45-8e06,20240429,120554,Station,Credit Card,Disabled,Standard,Advance,9.88,Liverpool Lime Street,Manchester Piccadilly,20240430,103000,110000,110000,On Time,,No
9973eb9d-17ab-4f67-ba05,20240429,120810,Station,Contactless,Senior,Standard,Off-Peak,14.82,Manchester Piccadilly,Liverpool Lime Street,20240429,133000,140000,140000,On Time,,No
618ecafe-fa68-4abc-8e5a,20240429,120830,Online,Credit Card,,Standard,Advance,34.580000000000005,London Euston,Birmingham New Street,20240430,103000,115000,115000,On Time,,No
7f057112-0402-4423-b416,20240429,120831,Station,Contactless,Senior,Standard,Off-Peak,14.82,Manchester Piccadilly,Liverpool Lime Street,20240429,133000,140000,140000,On Time,,No
9551e2de-e126-4f43-8458,20240429,120938,Station,Credit Card,,Standard,Off-Peak,261.82,London Kings Cross,York,20240429,133000,152000,152000,On Time,,No
658f3e6b-9506-41ed-9125,20240429,121825,Station,Credit Card,,Standard,Off-Peak,64.22,Liverpool Lime Street,Sheffield,20240429,134500,150000,150000,On Time,,No
f9eb2c00-662c-440d-bf8d,20240429,122106,Online,Credit Card,,Standard,Off-Peak,19.76,Manchester Piccadilly,Liverpool Lime Street,20240429,144500,151500,151500,On Time,,No
efc71396-e88c-4d6d-8c29,20240429,122654,Station,Credit Card,,Standard,Advance,14.82,Manchester Piccadilly,Liverpool Lime Street,20240430,104500,111500,111500,On Time,,No
2ab262aa-2029-47c7-9209,20240429,123153,Station,Credit Card,Adult,Standard,Off-Peak,321.1,London Paddington,Liverpool Lime Street,20240429,140000,163000,163000,On Time,,No
4ffd6ef8-9588-43ca-8c86,20240429,124123,Station,Contactless,Adult,Standard,Advance,79.04,York,Edinburgh,20240430,110000,133000,133000,On Time,,No
baa5de5d-faec-44dc-99c9,20240429,124323,Station,Credit Card,,Standard,Off-Peak,93.86000000000001,London Paddington,Reading,20240429,140000,150000,150000,On Time,,No
09894bd1-030c-404e-984c,20240429,124746,Station,Credit Card,Disabled,Standard,Off-Peak,14.82,Liverpool Lime Street,Manchester Piccadilly,20240429,141500,144500,144500,On Time,,No
872dc7f4-d206-4c1d-b553,20240429,125758,Online,Contactless,,Standard,Off-Peak,59.28,London St Pancras,Birmingham New Street,20240429,141500,153500,153500,On Time,,No
3bcae5be-74b5-4a3e-b833,20240429,130920,Station,Credit Card,Disabled,Standard,Off-Peak,172.9,London Kings Cross,York,20240429,143000,162000,162000,On Time,,No
088a72ec-7c40-4cee-b562,20240429,131640,Online,Credit Card,,Standard,Off-Peak,24.700000000000003,Liverpool Lime Street,Manchester Piccadilly,20240429,144500,151500,151500,On Time,,No
670c8e4b-9d11-42c0-9eba,20240429,133149,Online,Contactless,,First Class,Advance,49.400000000000006,Liverpool Lime Street,Manchester Piccadilly,20240430,120000,123000,,Cancelled,Signal Failure,No
a5f789a4-3a23-4576-a87b,20240429,133221,Online,Contactless,,Standard,Advance,14.82,Liverpool Lime Street,Manchester Piccadilly,20240430,120000,123000,,Cancelled,Signal Failure,Yes
4eb7425d-c959-449d-af44,20240429,140423,Online,Contactless,Disabled,Standard,Advance,19.76,London Euston,Birmingham New Street,20240430,123000,135000,135000,On Time,,No
be9ef164-5f92-498d-b055,20240429,140611,Online,Credit Card,Disabled,Standard,Off-Peak,34.580000000000005,London Euston,Birmingham New Street,20240429,153000,165000,,Cancelled,Weather Conditions,No
4cea2ccf-573a-4c55-932d,20240429,140818,Station,Contactless,,Standard,Off-Peak,93.86000000000001,London Paddington,Reading,20240429,153000,163000,163000,On Time,,No
60579dac-f516-40fa-9fad,20240429,141042,Station,Credit Card,,Standard,Advance,14.82,Manchester Piccadilly,Liverpool Lime Street,20240430,123000,130000,130000,On Time,,No
31bd5715-da22-41cd-ab13,20240429,141105,Online,Credit Card,Disabled,Standard,Off-Peak,34.580000000000005,London Euston,Birmingham New Street,20240429,153000,165000,,Cancelled,Weather Conditions,Yes
4e48cc96-1110-4e6b-a1ec,20240429,141418,Station,Credit Card,,Standard,Off-Peak,39.52,Birmingham New Street,Liverpool Lime Street,20240429,153000,170000,170000,On Time,,No
1dd5db8a-5f9c-41c4-99a3,20240429,141716,Station,Contactless,,Standard,Off-Peak,261.82,London Kings Cross,York,20240429,154500,173500,173500,On Time,,No
f723252b-ddb1-4d24-9f75,20240429,142539,Station,Credit Card,Adult,Standard,Advance,79.04,York,Edinburgh,20240430,124500,151500,151500,On Time,,No
f4c535a5-6e81-4526-98e7,20240429,143024,Station,Debit Card,Adult,Standard,Anytime,44.46,London Euston,Birmingham New Street,20240429,160000,172000,172000,On Time,,No
dcf581f4-6a3d-4a7b-9c7e,20240429,143039,Station,Credit Card,Adult,Standard,Anytime,44.46,London Euston,Birmingham New Street,20240429,160000,172000,172000,On Time,,No
89fca3b9-246e-44fd-a729,20240429,143235,Station,Credit Card,Adult,First Class,Anytime,340.86,London Euston,Birmingham New Street,20240429,160000,172000,172000,On Time,,No
6582b604-c348-45eb-83e0,20240429,143355,Station,Credit Card,Adult,Standard,Anytime,44.46,London Euston,Birmingham New Street,20240429,160000,172000,172000,On Time,,No
e171e7b0-0d3a-4da4-afb7,20240429,143542,Station,Debit Card,Disabled,Standard,Anytime,44.46,London Euston,Birmingham New Street,20240429,160000,172000,172000,On Time,,No
1dd7d507-b718-43d0-a0b6,20240429,143602,Station,Contactless,Senior,Standard,Anytime,14.82,Manchester Piccadilly,Liverpool Lime Street,20240429,160000,163000,163000,On Time,,No
3d17d04c-2ad5-4da5-8457,20240429,144105,Station,Credit Card,Adult,Standard,Anytime,44.46,London Euston,Birmingham New Street,20240429,160000,172000,172000,On Time,,No
dd407c99-4d01-471e-acd3,20240429,144406,Station,Credit Card,Adult,Standard,Anytime,44.46,London Euston,Birmingham New Street,20240429,160000,172000,172000,On Time,,No
d3cb9b38-dfa7-40fb-9d4b,20240429,144452,Station,Credit Card,,Standard,Anytime,330.98,York,Peterborough,20240429,160000,171000,171000,On Time,,No
8b9c1896-7ef7-46b4-ad86,20240429,144618,Online,Credit Card,,First Class,Advance,256.88,London Euston,Birmingham New Street,20240430,131500,143500,143500,On Time,,No
dd048a35-0d82-403e-9e4f,20240429,144619,Online,Contactless,Adult,Standard,Anytime,14.82,Manchester Piccadilly,Liverpool Lime Street,20240429,161500,164500,164500,On Time,,No
2eec49a7-2fd3-4c27-a876,20240429,144754,Online,Contactless,Adult,Standard,Anytime,14.82,Manchester Piccadilly,Liverpool Lime Street,20240429,161500,164500,164500,On Time,,No
539c840a-db00-495f-aef6,20240429,145036,Online,Contactless,,Standard,Advance,14.82,Liverpool Lime Street,Manchester Piccadilly,20240430,131500,134500,134500,On Time,,No
45e91f2a-0824-4fac-bacb,20240429,145105,Online,Credit Card,,Standard,Advance,34.580000000000005,London Euston,Birmingham New Street,20240430,131500,143500,143500,On Time,,No
45e0aba6-434f-4f0e-b438,20240429,145238,Online,Contactless,Adult,Standard,Advance,24.700000000000003,London St Pancras,Birmingham New Street,20240430,131500,143500,143500,On Time,,No
a9238c34-a92e-44fd-9cdd,20240429,145405,Online,Credit Card,,Standard,Anytime,345.8,London Kings Cross,York,20240429,161500,180500,180500,On Time,,No
2266d6ec-37e2-48f2-901a,20240429,145709,Online,Contactless,Adult,Standard,Anytime,153.14000000000001,London St Pancras,Leicester,20240429,161500,171500,171500,On Time,,No
fff63592-7176-4266-87d3,20240429,150034,Station,Debit Card,,First Class,Off-Peak,988.0000000000001,Manchester Piccadilly,London Euston,20240429,153000,172000,173300,Delayed,Staffing,Yes
8a840840-59e0-41eb-91cc,20240429,150307,Station,Debit Card,,Standard,Off-Peak,558.22,Liverpool Lime Street,London Euston,20240429,153000,174500,174600,Delayed,Staffing,Yes
048d7151-a63e-4703-914d,20240429,150627,Station,Credit Card,,First Class,Anytime,563.1600000000001,London Kings Cross,York,20240429,163000,182000,182000,On Time,,No
b4882523-53d6-4c27-8582,20240429,151023,Station,Contactless,,Standard,Anytime,123.50000000000001,London Paddington,Reading,20240429,174500,184500,184500,On Time,,No
6a565953-e0e3-457b-a490,20240429,151209,Station,Credit Card,,Standard,Anytime,345.8,London Kings Cross,York,20240429,163000,182000,182000,On Time,,No
5932f434-668e-46b2-84b6,20240429,151913,Online,Contactless,,Standard,Anytime,745.94,Liverpool Lime Street,London Euston,20240429,164500,190000,190000,On Time,,No
f810ec56-461b-40bb-a3f5,20240429,152410,Station,Contactless,,Standard,Anytime,345.8,London Kings Cross,York,20240429,174500,193500,193500,On Time,,No
c311037d-5bfd-40a4-886d,20240429,153004,Online,Credit Card,,Standard,Anytime,345.8,London Kings Cross,York,20240429,170000,185000,185000,On Time,,No
eef7e45c-3647-468e-bf46,20240429,153851,Station,Credit Card,,Standard,Anytime,24.700000000000003,Manchester Piccadilly,Liverpool Lime Street,20240429,170000,173000,173000,On Time,,No
28af58b0-8258-4d33-9cf9,20240429,153954,Station,Credit Card,,Standard,Advance,64.22,London Paddington,Reading,20240430,140000,150000,150000,On Time,,No
f66bf344-5f50-4383-a802,20240429,154104,Online,Credit Card,,Standard,Anytime,345.8,London Kings Cross,York,20240429,170000,185000,185000,On Time,,No
49ecc3b7-74c0-471e-a60a,20240429,154318,Online,Credit Card,,Standard,Anytime,345.8,London Kings Cross,York,20240429,170000,185000,185000,On Time,,No
c7403d99-7c75-44d0-904e,20240429,154454,Station,Credit Card,,Standard,Anytime,29.64,Liverpool Lime Street,Manchester Piccadilly,20240429,170000,173000,173000,On Time,,No
37cd6d68-d240-466b-a567,20240429,154830,Online,Contactless,Adult,Standard,Advance,9.88,Manchester Piccadilly,Liverpool Lime Street,20240430,141500,144500,144500,On Time,,No
ba890f4d-9399-4242-94d6,20240429,154832,Online,Credit Card,Senior,First Class,Anytime,64.22,Liverpool Lime Street,Manchester Piccadilly,20240429,171500,174500,174500,On Time,,No
396a0302-d50d-46c3-b1eb,20240429,154910,Station,Contactless,,Standard,Anytime,29.64,Liverpool Lime Street,Manchester Piccadilly,20240429,171500,174500,174500,On Time,,No
179f6608-bf7b-481a-a084,20240429,155306,Station,Contactless,,Standard,Anytime,29.64,Liverpool Lime Street,Manchester Piccadilly,20240429,171500,174500,174500,On Time,,No
56fd812f-d20f-45c6-afd9,20240429,155308,Online,Contactless,Disabled,First Class,Anytime,385.32000000000005,Birmingham New Street,London Paddington,20240429,171500,184500,184500,On Time,,No
e3223f2d-b373-41c4-a8ce,20240429,155310,Online,Credit Card,,Standard,Anytime,345.8,London Kings Cross,York,20240429,171500,190500,190500,On Time,,No
8cbbb072-3e17-40a5-b384,20240429,155557,Station,Contactless,,Standard,Anytime,29.64,Liverpool Lime Street,Manchester Piccadilly,20240429,171500,174500,174500,On Time,,No
99f2bed2-53cf-4321-b1f4,20240429,155852,Online,Contactless,,Standard,Anytime,29.64,Liverpool Lime Street,Manchester Piccadilly,20240429,171500,174500,174500,On Time,,No
8d167fb2-94fb-4673-9606,20240429,160003,Online,Contactless,,Standard,Advance,39.52,London St Pancras,Birmingham New Street,20240430,143000,155000,155000,On Time,,No
79d0952c-1ffa-4682-b938,20240429,160356,Station,Contactless,,First Class,Advance,266.76000000000005,London St Pancras,Birmingham New Street,20240430,143000,155000,155000,On Time,,No
27d138c1-c888-4ec6-8c5a,20240429,160526,Station,Credit Card,,First Class,Anytime,93.86000000000001,Manchester Piccadilly,Liverpool Lime Street,20240429,174500,181500,184200,Delayed,Signal failure,No
8e22e0dc-3ec6-463b-9a54,20240429,160651,Station,Credit Card,,Standard,Anytime,24.700000000000003,Manchester Piccadilly,Liverpool Lime Street,20240429,174500,181500,184200,Delayed,Signal failure,No
c8363f50-173a-4d6c-997a,20240429,161241,Online,Credit Card,Disabled,Standard,Anytime,54.34,London St Pancras,Birmingham New Street,20240429,174500,190500,190500,On Time,,No
32b1c9a7-2321-41b7-8433,20240429,161334,Station,Credit Card,,First Class,Anytime,93.86000000000001,Manchester Piccadilly,Liverpool Lime Street,20240429,174500,181500,184200,Delayed,Signal failure,No
20200bad-d81e-46ff-be11,20240429,161455,Online,Credit Card,,Standard,Advance,172.9,London Kings Cross,York,20240430,143000,162000,162000,On Time,,No
3956f736-d36b-4aa7-88b0,20240429,162621,Online,Credit Card,Senior,Standard,Advance,9.88,Manchester Piccadilly,Liverpool Lime Street,20240430,144500,151500,151500,On Time,,No
0cd488aa-d810-4e74-b3ae,20240429,164429,Station,Credit Card,,Standard,Advance,64.22,London Paddington,Reading,20240430,150000,160000,160000,On Time,,No
a4bbac34-6ed7-4d71-b738,20240429,164920,Station,Contactless,,First Class,Anytime,1195.48,Reading,Liverpool Lime Street,20240429,181500,204500,204500,On Time,,No
256f0e83-cd5b-49d5-8ac9,20240429,170211,Online,Credit Card,Adult,Standard,Anytime,19.76,Liverpool Lime Street,Manchester Piccadilly,20240429,183000,190000,190000,On Time,,No
8bd1f0de-b153-4ca1-bc19,20240429,170537,Station,Credit Card,,Standard,Advance,172.9,London Kings Cross,York,20240430,153000,172000,172000,On Time,,No
d30528f2-c760-4c6c-af2d,20240429,170744,Station,Credit Card,,Standard,Advance,64.22,Reading,London Paddington,20240430,153000,155500,155500,On Time,,No
3dd43ec6-eb39-43cc-ac34,20240429,170806,Online,Credit Card,Disabled,First Class,Advance,172.9,London Euston,Birmingham New Street,20240430,153000,165000,,Cancelled,Traffic,No
099145f5-6798-4a5e-a305,20240429,171004,Online,Credit Card,Disabled,Standard,Advance,19.76,London Euston,Birmingham New Street,20240430,153000,165000,,Cancelled,Traffic,No
4a75f799-12de-4948-85f6,20240429,171056,Online,Contactless,,Standard,Anytime,123.50000000000001,London Paddington,Reading,20240429,183000,193000,193000,On Time,,No
bc523b5e-8ec5-496b-807d,20240429,171136,Station,Debit Card,Adult,Standard,Anytime,54.34,London St Pancras,Birmingham New Street,20240429,184500,200500,200500,On Time,,No
a28c9442-baa6-49c0-af9d,20240429,171617,Online,Credit Card,,Standard,Anytime,79.04,London St Pancras,Birmingham New Street,20240429,184500,200500,200500,On Time,,No
54d121f4-3e4d-416a-8bd7,20240429,171655,Online,Contactless,,Standard,Anytime,24.700000000000003,Manchester Piccadilly,Liverpool Lime Street,20240429,184500,191500,191500,On Time,,No
adee0c4e-468f-4445-a41a,20240429,171825,Online,Credit Card,,Standard,Anytime,79.04,London St Pancras,Birmingham New Street,20240429,184500,200500,200500,On Time,,No
fff47d30-8d79-4298-b937,20240429,171836,Station,Credit Card,Adult,Standard,Anytime,54.34,London St Pancras,Birmingham New Street,20240429,184500,200500,200500,On Time,,No
167d5071-877e-4186-9c01,20240429,171942,Online,Credit Card,Senior,Standard,Anytime,54.34,Liverpool Lime Street,Crewe,20240429,184500,192000,192000,On Time,,No
72e1ed8a-202b-45ae-a087,20240429,171946,Online,Credit Card,,Standard,Anytime,64.22,Birmingham New Street,Nuneaton,20240429,184500,190500,190500,On Time,,No
6355fe22-ed08-4cdc-a71d,20240429,172249,Online,Credit Card,,Standard,Anytime,79.04,London St Pancras,Birmingham New Street,20240429,184500,200500,200500,On Time,,No
d0f8f942-3d4c-48b1-9686,20240429,172621,Online,Credit Card,,First Class,Anytime,39.52,Birmingham New Street,Coventry,20240429,184500,190500,190500,On Time,,No
5b1883cf-d668-42f0-bbc1,20240429,172622,Online,Credit Card,,First Class,Anytime,528.58,London St Pancras,Birmingham New Street,20240429,184500,200500,200500,On Time,,No
bb2134c9-e4a1-4851-b1e2,20240429,172843,Station,Contactless,,Standard,Anytime,123.50000000000001,London Paddington,Reading,20240429,184500,194500,194500,On Time,,No
d7c5ddad-fcb8-4f50-9a78,20240429,173852,Station,Debit Card,Disabled,Standard,Advance,19.76,London Euston,Birmingham New Street,20240430,160000,172000,172000,On Time,,No
9dbc3c1c-246f-4639-9e62,20240429,173922,Station,Credit Card,Adult,First Class,Advance,187.72000000000003,London Kings Cross,York,20240430,160000,175000,,Cancelled,Staff Shortage,No
985d5019-cdc9-475e-a9fb,20240429,174034,Station,Debit Card,Disabled,Standard,Advance,19.76,London Euston,Birmingham New Street,20240430,160000,172000,172000,On Time,,No
741ccd70-0aeb-4488-9565,20240429,174114,Station,Credit Card,Adult,Standard,Advance,19.76,London Euston,Birmingham New Street,20240430,160000,172000,172000,On Time,,No
eda29b89-1163-42fe-bae6,20240429,174749,Station,Credit Card,,Standard,Off-Peak,19.76,Manchester Piccadilly,Liverpool Lime Street,20240429,191500,194500,194500,On Time,,No
9825aebe-7906-4d87-82ae,20240429,174817,Online,Credit Card,,Standard,Advance,172.9,London Kings Cross,York,20240430,161500,180500,180500,On Time,,No
eca02e15-2226-409f-81e9,20240429,175124,Online,Credit Card,,Standard,Advance,34.580000000000005,London Euston,Birmingham New Street,20240430,161500,173500,173500,On Time,,No
099b1a13-6752-4f4c-a4de,20240429,175138,Online,Contactless,,Standard,Advance,34.580000000000005,London Euston,Birmingham New Street,20240430,161500,173500,173500,On Time,,No
41c156cf-2bd5-494d-b8f3,20240429,180203,Online,Contactless,,Standard,Advance,14.82,Manchester Piccadilly,Liverpool Lime Street,20240430,163000,170000,170000,On Time,,No
c488eee6-9d13-481b-8f2a,20240429,180440,Online,Contactless,,Standard,Advance,14.82,Manchester Piccadilly,Liverpool Lime Street,20240430,163000,170000,170000,On Time,,No
d26474c9-866b-463b-bc0d,20240429,180623,Online,Contactless,Adult,Standard,Advance,34.580000000000005,Liverpool Lime Street,Leeds,20240430,163000,180000,180000,On Time,,No
2d15aef2-8545-475d-a05a,20240429,180919,Station,Contactless,Adult,Standard,Advance,29.64,Liverpool Lime Street,Sheffield,20240430,163000,174500,174500,On Time,,No
6ff026ee-c283-44b9-a87a,20240429,181601,Online,Credit Card,Senior,First Class,Anytime,64.22,Manchester Piccadilly,Liverpool Lime Street,20240429,184500,191500,191500,On Time,,No
df299202-6f21-44e9-b1a8,20240429,182020,Online,Credit Card,Senior,Standard,Anytime,153.14000000000001,London St Pancras,Leicester,20240429,184500,194500,194500,On Time,,No
9672c7e4-6e49-4e3a-93f7,20240429,182241,Online,Contactless,,Standard,Off-Peak,59.28,London St Pancras,Birmingham New Street,20240429,194500,210500,,Cancelled,Staff Shortage,No
56fc615a-3f3b-41b3-b51c,20240429,182301,Online,Credit Card,Senior,Standard,Anytime,14.82,Manchester Piccadilly,Liverpool Lime Street,20240429,184500,191500,191500,On Time,,No
5965e5ad-3155-4ccc-bebc,20240429,182614,Station,Contactless,,Standard,Off-Peak,261.82,London Kings Cross,York,20240429,194500,213500,213500,On Time,,No
56defa80-de08-4662-8ad6,20240429,182817,Station,Credit Card,Adult,Standard,Off-Peak,34.580000000000005,London Euston,Birmingham New Street,20240429,194500,210500,210500,On Time,,No
c7df9ad4-19f5-4950-8996,20240429,183004,Online,Credit Card,,Standard,Off-Peak,19.76,Manchester Piccadilly,Liverpool Lime Street,20240429,200000,203000,203000,On Time,,No
2417f3cb-f22a-465d-85e6,20240429,183435,Station,Credit Card,,Standard,Advance,14.82,Manchester Piccadilly,Liverpool Lime Street,20240430,170000,173000,173000,On Time,,No
8b546bd3-aca5-4ae1-b241,20240429,184034,Station,Credit Card,,Standard,Advance,14.82,Liverpool Lime Street,Manchester Piccadilly,20240430,170000,173000,173000,On Time,,No
79f2b276-d00d-4f1f-a7da,20240429,184225,Online,Credit Card,,Standard,Advance,172.9,London Kings Cross,York,20240430,170000,185000,185000,On Time,,No
3aa65167-01be-45f7-b6e1,20240429,184647,Online,Contactless,Disabled,Standard,Advance,64.22,Birmingham New Street,London Paddington,20240430,171500,184500,184500,On Time,,No
635ccdc5-a33f-4b7c-9494,20240429,185334,Online,Credit Card,,First Class,Advance,281.58000000000004,London Kings Cross,York,20240430,171500,190500,190500,On Time,,No
eade45b9-0114-462e-88b4,20240429,185649,Online,Contactless,Disabled,Standard,Off-Peak,14.82,Liverpool Lime Street,Manchester Piccadilly,20240429,201500,204500,204500,On Time,,No
2fa157de-e4d1-44ff-9d66,20240429,185833,Online,Contactless,,Standard,Advance,64.22,Reading,London Paddington,20240430,171500,174000,174000,On Time,,No
5ece4e52-a408-479b-89ef,20240429,190005,Online,Contactless,,Standard,Off-Peak,59.28,London St Pancras,Birmingham New Street,20240429,203000,215000,215000,On Time,,No
d8be69a8-7a59-4359-986a,20240429,192118,Online,Credit Card,Senior,Standard,Advance,9.88,Manchester Piccadilly,Liverpool Lime Street,20240430,184500,191500,,Cancelled,Weather Conditions,Yes
13c4db36-417a-46d3-a61e,20240429,192307,Station,Contactless,,Standard,Advance,64.22,London Paddington,Reading,20240430,174500,184500,184500,On Time,,No
d40df2b5-bdad-4095-b27d,20240429,192649,Online,Credit Card,Senior,Standard,Advance,9.88,Manchester Piccadilly,Liverpool Lime Street,20240430,184500,191500,,Cancelled,Weather Conditions,No
992a2036-d359-4f0d-b4a8,20240429,193028,Online,Credit Card,Senior,Standard,Advance,9.88,Manchester Piccadilly,Liverpool Lime Street,20240430,184500,191500,,Cancelled,Weather Conditions,No
72371974-c031-442c-82b9,20240429,193112,Station,Credit Card,Adult,Standard,Advance,19.76,London Euston,Birmingham New Street,20240430,174500,190500,190500,On Time,,No
49077ab7-74b2-42be-adcb,20240429,193113,Station,Credit Card,,Standard,Advance,14.82,Manchester Piccadilly,Liverpool Lime Street,20240430,174500,181500,181500,On Time,,No
741eb53a-deff-471c-857f,20240429,193236,Online,Credit Card,Senior,Standard,Advance,9.88,Manchester Piccadilly,Liverpool Lime Street,20240430,184500,191500,,Cancelled,Weather Conditions,No
c93bba5a-c857-40a3-b02f,20240429,193351,Online,Credit Card,Senior,Standard,Advance,79.04,London St Pancras,Leicester,20240430,184500,194500,194500,On Time,,No
4ae52437-9f1f-4fb9-9c89,20240429,193505,Station,Credit Card,,First Class,Advance,49.400000000000006,Manchester Piccadilly,Liverpool Lime Street,20240430,174500,181500,181500,On Time,,No
d9cd541b-fada-4fe4-b773,20240429,193637,Online,Credit Card,,Standard,Advance,44.46,Reading,Swindon,20240430,174500,183000,183000,On Time,,No
7e08b254-b2b2-4a15-b87a,20240429,194038,Station,Credit Card,,Standard,Advance,14.82,Manchester Piccadilly,Liverpool Lime Street,20240430,174500,181500,181500,On Time,,No
d3d5ed1a-e68b-4356-b085,20240429,194154,Station,Credit Card,,Standard,Advance,14.82,Manchester Piccadilly,Liverpool Lime Street,20240430,174500,181500,181500,On Time,,No
30fa156b-a7c0-4e5d-b687,20240429,200158,Station,Credit Card,Adult,Standard,Off-Peak,14.82,Liverpool Lime Street,Manchester Piccadilly,20240429,213000,220000,,Cancelled,Technical Issue,Yes
1e9bdd52-4844-4c55-8a1c,20240429,200415,Station,Contactless,,Standard,Advance,34.580000000000005,London Euston,Birmingham New Street,20240430,183000,195000,195000,On Time,,No
7b84b7a2-753f-4e0b-9c92,20240429,200555,Station,Contactless,,First Class,Advance,133.38000000000002,London Paddington,Reading,20240430,183000,193000,193000,On Time,,No
e5263c09-90e9-4bd2-bff2,20240429,200935,Station,Credit Card,Adult,Standard,Off-Peak,14.82,Liverpool Lime Street,Manchester Piccadilly,20240429,213000,220000,,Cancelled,Technical Issue,No
0dc71ae7-3944-45a4-b4b2,20240429,201200,Online,Credit Card,Adult,Standard,Advance,9.88,Liverpool Lime Street,Manchester Piccadilly,20240430,183000,190000,190000,On Time,,No
2ba767dc-a755-4287-a588,20240429,201211,Online,Credit Card,Adult,Standard,Advance,9.88,Liverpool Lime Street,Manchester Piccadilly,20240430,183000,190000,190000,On Time,,No
a588ac62-b6fc-428f-8b33,20240429,201728,Online,Credit Card,,Standard,Advance,64.22,London Paddington,Reading,20240430,184500,194500,194500,On Time,,No
da345062-81df-4864-8f1d,20240429,202136,Station,Contactless,,Standard,Advance,64.22,London Paddington,Reading,20240430,184500,194500,194500,On Time,,No
1dd94236-cad4-4ad8-b6c1,20240429,202216,Online,Credit Card,,Standard,Advance,39.52,London St Pancras,Birmingham New Street,20240430,184500,200500,,Cancelled,Signal Failure,Yes
529683ef-f262-4266-be31,20240429,202236,Online,Credit Card,,Standard,Advance,39.52,London St Pancras,Birmingham New Street,20240430,184500,200500,,Cancelled,Signal Failure,No
62c35e80-3552-4879-9a48,20240429,202310,Station,Contactless,,Standard,Advance,172.9,London Kings Cross,York,20240430,174500,193500,193500,On Time,,No
47cebab2-584f-4b4e-80e9,20240429,202348,Online,Credit Card,,Standard,Advance,39.52,London St Pancras,Birmingham New Street,20240430,184500,200500,,Cancelled,Signal Failure,No
d4f96858-df4f-426d-afc8,20240429,202405,Online,Credit Card,Senior,Standard,Advance,29.64,Liverpool Lime Street,Crewe,20240430,184500,192000,192000,On Time,,No
9a32e41d-7116-4f27-9ada,20240429,202424,Online,Contactless,,Standard,Advance,14.82,Manchester Piccadilly,Liverpool Lime Street,20240430,184500,191500,,Cancelled,Weather Conditions,No
b896da99-ad3e-4ff3-853c,20240429,202508,Online,Credit Card,,Standard,Advance,39.52,London St Pancras,Birmingham New Street,20240430,184500,200500,,Cancelled,Signal Failure,No
2e7f1993-cf17-452c-a7d7,20240429,202612,Online,Credit Card,,Standard,Advance,4.94,Birmingham New Street,Wolverhampton,20240430,184500,190000,190000,On Time,,No
3116b006-823f-4bcc-b014,20240429,202718,Station,Credit Card,Adult,Standard,Advance,24.700000000000003,London St Pancras,Birmingham New Street,20240430,184500,200500,,Cancelled,Signal Failure,No
c149ff64-33cc-4c6c-b7e1,20240429,202908,Online,Credit Card,,Standard,Advance,39.52,London St Pancras,Birmingham New Street,20240430,184500,200500,,Cancelled,Signal Failure,No
34cc6b75-4ea7-40ec-882b,20240429,213704,Station,Credit Card,,Standard,Advance,64.22,London Paddington,Reading,20240430,200000,210000,210000,On Time,,No
19c17636-6cb4-43c0-bc84,20240429,214535,Online,Contactless,Disabled,Standard,Advance,9.88,Liverpool Lime Street,Manchester Piccadilly,20240430,201500,204500,204500,On Time,,No
3dcd1fbd-52c3-441f-9113,20240429,214713,Online,Credit Card,,First Class,Advance,133.38000000000002,London Paddington,Reading,20240430,201500,211500,211500,On Time,,No
d2106ee0-7d27-4ad0-91b4,20240429,215412,Online,Contactless,,Standard,Advance,177.84,Birmingham New Street,Edinburgh,20240430,201500,4500,4500,On Time,,No
233cdc45-d0ad-4e26-bfd9,20240429,221426,Online,Contactless,,Standard,Advance,34.580000000000005,London Euston,Birmingham New Street,20240430,203000,215000,215000,On Time,,No
be300f8f-5e65-4300-8bc3,20240429,223200,Online,Contactless,Adult,Standard,Advance,9.88,Manchester Piccadilly,Liverpool Lime Street,20240430,0,3000,3000,On Time,,No
6975b37e-ab6d-471c-ae68,20240429,223450,Station,Credit Card,,First Class,Advance,133.38000000000002,London Paddington,Reading,20240430,0,10000,10000,On Time,,No
20e22138-4cca-4f72-93ee,20240429,224013,Online,Contactless,,Standard,Advance,34.580000000000005,London Euston,Birmingham New Street,20240430,210000,222000,222000,On Time,,No
d38c002d-7374-421d-a241,20240429,224228,Online,Contactless,,Standard,Advance,34.580000000000005,London Euston,Birmingham New Street,20240430,210000,222000,222000,On Time,,No
b250fb36-ee93-4b79-a784,20240429,224242,Station,Credit Card,,Standard,Advance,14.82,Manchester Piccadilly,Liverpool Lime Street,20240430,210000,213000,213000,On Time,,No
09c444cd-fb62-44c0-97ff,20240429,230129,Station,Credit Card,,Standard,Advance,29.64,Birmingham New Street,Liverpool Lime Street,20240430,213000,230000,230000,On Time,,No
c934ac2f-6a71-4564-b7ca,20240429,230350,Station,Credit Card,,Standard,Advance,34.580000000000005,London Euston,Birmingham New Street,20240430,213000,225000,225000,On Time,,No
a0b2a26b-659b-4b60-a41f,20240429,230954,Station,Credit Card,,Standard,Advance,64.22,London Paddington,Reading,20240430,213000,223000,223000,On Time,,No
ac94db63-b039-47b2-a27e,20240429,231104,Station,Credit Card,,Standard,Advance,64.22,London Paddington,Reading,20240430,213000,223000,223000,On Time,,No
d4382b23-584d-48a1-ba99,20240429,233059,Station,Contactless,,Standard,Advance,172.9,London Kings Cross,York,20240430,220000,235000,235000,On Time,,No
b8709120-5530-408f-aaf1,20240429,234124,Station,Contactless,,Standard,Advance,39.52,London St Pancras,Birmingham New Street,20240430,220000,232000,232000,On Time,,No
e4ec6d36-46c1-43a8-93a3,20240429,235046,Station,Credit Card,,Standard,Advance,64.22,London Paddington,Reading,20240430,221500,231500,231500,On Time,,No
18690ad9-59cf-4b94-92e1,20240429,235826,Online,Contactless,Senior,Standard,Advance,19.76,Birmingham New Street,Liverpool Lime Street,20240430,221500,234500,234500,On Time,,No
d1ec6548-de18-43c9-92d1,20240430,603,Station,Credit Card,,Standard,Off-Peak,49.400000000000006,London Euston,Birmingham New Street,20240430,223000,235000,235000,On Time,,No
afd42c55-5f1c-4def-b075,20240430,2019,Station,Contactless,,Standard,Off-Peak,261.82,London Kings Cross,York,20240430,14500,33500,33500,On Time,,No
f238de9e-e897-4a2f-ab9a,20240430,2058,Station,Contactless,,Standard,Off-Peak,261.82,London Kings Cross,York,20240430,14500,33500,33500,On Time,,No
e1e28872-5b7e-4b19-b5b8,20240430,2348,Station,Contactless,,Standard,Off-Peak,261.82,London Kings Cross,York,20240430,14500,33500,33500,On Time,,No
2d570cac-7fa5-4389-8d00,20240430,3333,Online,Credit Card,,Standard,Off-Peak,83.98,Manchester Piccadilly,Nottingham,20240430,20000,30000,30000,On Time,,No
54bdbb83-0b73-42b7-9fc3,20240430,3848,Online,Credit Card,,Standard,Off-Peak,93.86000000000001,London Paddington,Reading,20240430,20000,30000,30000,On Time,,No
95937bc3-7cbe-40e4-9517,20240430,4716,Online,Credit Card,,Standard,Off-Peak,49.400000000000006,London Euston,Birmingham New Street,20240430,21500,33500,33500,On Time,,No
d3c220a6-0889-4f0a-824b,20240430,5348,Station,Contactless,Disabled,Standard,Off-Peak,14.82,Liverpool Lime Street,Manchester Piccadilly,20240430,21500,24500,24500,On Time,,No
77acd7c9-196b-4d09-b2dd,20240430,10134,Online,Credit Card,,Standard,Off-Peak,24.700000000000003,Liverpool Lime Street,Manchester Piccadilly,20240430,23000,30000,30000,On Time,,No
97658b57-8728-47ec-9b1d,20240430,11141,Station,Credit Card,,Standard,Off-Peak,59.28,London St Pancras,Birmingham New Street,20240430,233000,5000,5000,On Time,,No
2e342476-3fe6-48ae-a46e,20240430,12139,Online,Credit Card,,First Class,Off-Peak,202.54000000000002,London Paddington,Reading,20240430,234500,4500,4500,On Time,,No
fbd4fecc-a617-4534-adc4,20240430,15035,Online,Credit Card,,Standard,Off-Peak,24.700000000000003,Liverpool Lime Street,Manchester Piccadilly,20240430,31500,34500,34500,On Time,,No
f5082534-36e5-4201-a596,20240430,15117,Station,Credit Card,,Standard,Off-Peak,93.86000000000001,London Paddington,Reading,20240430,31500,41500,41500,On Time,,No
04f02287-dc4e-48d3-a341,20240430,15415,Online,Contactless,,Standard,Off-Peak,19.76,Manchester Piccadilly,Liverpool Lime Street,20240430,31500,34500,34500,On Time,,No
ffe0d574-77ae-469b-b84a,20240430,20132,Online,Credit Card,Adult,Standard,Off-Peak,14.82,Manchester Piccadilly,Liverpool Lime Street,20240430,33000,40000,40000,On Time,,No
cf61ca04-75e2-468f-ac38,20240430,20143,Station,Credit Card,,Standard,Off-Peak,622.44,Manchester Piccadilly,London Euston,20240430,33000,52000,52700,Delayed,Weather Conditions,No
3e410461-4392-4645-848a,20240430,21500,Station,Credit Card,,Standard,Off-Peak,261.82,London Kings Cross,York,20240430,34500,53500,53500,On Time,,No
a5fff062-d306-4ea0-9dc7,20240430,24542,Station,Contactless,Adult,Standard,Off-Peak,34.580000000000005,London Euston,Birmingham New Street,20240430,41500,53500,53500,On Time,,No
185f2d05-b8f9-4004-a116,20240430,24833,Station,Contactless,Disabled,Standard,Off-Peak,14.82,Liverpool Lime Street,Manchester Piccadilly,20240430,41500,44500,,Cancelled,Traffic,Yes
992c86b3-349d-4bdd-bc61,20240430,24921,Station,Contactless,Disabled,Standard,Off-Peak,14.82,Liverpool Lime Street,Manchester Piccadilly,20240430,41500,44500,,Cancelled,Traffic,No
8777c884-ef4b-4d29-9cf4,20240430,25218,Station,Contactless,,Standard,Off-Peak,24.700000000000003,Liverpool Lime Street,Manchester Piccadilly,20240430,41500,44500,,Cancelled,Traffic,No
f5795fcc-3bf0-411b-9f8f,20240430,30139,Online,Contactless,,Standard,Off-Peak,261.82,London Kings Cross,York,20240430,43000,62000,62000,On Time,,No
d94fb7ff-fabe-4a44-aec2,20240430,30751,Station,Contactless,,Standard,Off-Peak,59.28,London St Pancras,Birmingham New Street,20240430,43000,55000,55000,On Time,,No
5c6a2215-0e19-488d-bb24,20240430,31308,Station,Credit Card,,Standard,Off-Peak,59.28,London St Pancras,Birmingham New Street,20240430,43000,55000,55000,On Time,,No
8cce2fe0-3550-4000-87b4,20240430,33723,Station,Credit Card,Adult,Standard,Off-Peak,375.44000000000005,Liverpool Lime Street,London Euston,20240430,50000,71500,71500,On Time,,No
f151582d-a5bb-473e-84d1,20240430,35736,Online,Contactless,,Standard,Off-Peak,261.82,London Kings Cross,York,20240430,51500,70500,70500,On Time,,No
e215d8f1-c349-4437-807e,20240430,43904,Online,Contactless,,Standard,Anytime,345.8,London Kings Cross,York,20240430,60000,75000,75000,On Time,,No
9136f8ce-7d94-4015-8b2c,20240430,45949,Online,Credit Card,Senior,Standard,Anytime,14.82,Manchester Piccadilly,Liverpool Lime Street,20240430,61500,64500,64500,On Time,,No
8a9cb734-0888-4b38-b0ea,20240430,50244,Station,Credit Card,,Standard,Anytime,79.04,London St Pancras,Birmingham New Street,20240430,63000,75000,75000,On Time,,No
dfa9e777-ef39-4b2d-a46a,20240430,50247,Online,Credit Card,Disabled,Standard,Anytime,143.26000000000002,Birmingham New Street,London St Pancras,20240430,63000,75000,75000,On Time,,No
745c7846-349a-4361-92b5,20240430,50622,Station,Contactless,,First Class,Anytime,563.1600000000001,London Kings Cross,York,20240430,63000,82000,82000,On Time,,No
55abfbc2-2aa6-4bca-9d1d,20240430,50646,Online,Credit Card,Adult,Standard,Anytime,44.46,London Euston,Birmingham New Street,20240430,63000,75000,75000,On Time,,No
97dcdd33-9097-4c91-bb6a,20240430,50738,Online,Credit Card,Disabled,Standard,Anytime,34.580000000000005,York,Doncaster,20240430,63000,70000,70000,On Time,,No
82fe06c9-d011-4df8-8ed5,20240430,51242,Online,Contactless,Senior,Standard,Anytime,143.26000000000002,Birmingham New Street,London St Pancras,20240430,63000,75000,75000,On Time,,No
e62e1612-718b-4558-92eb,20240430,51352,Station,Credit Card,Disabled,Standard,Anytime,143.26000000000002,Birmingham New Street,London St Pancras,20240430,63000,75000,75000,On Time,,No
e2f094fb-07e0-4ae5-8d6f,20240430,54757,Online,Credit Card,,Standard,Anytime,345.8,London Kings Cross,York,20240430,71500,90500,90500,On Time,,No
9c18f421-31ae-4529-ba33,20240430,54944,Online,Credit Card,,Standard,Anytime,706.4200000000001,London Euston,Manchester Piccadilly,20240430,74500,93500,93500,On Time,,No
d6b27bd6-d938-4a29-9ea6,20240430,55133,Online,Credit Card,Senior,Standard,Off-Peak,172.9,London Kings Cross,York,20240430,93000,112000,112000,On Time,,No
40656537-339b-4b3a-8666,20240430,55944,Online,Credit Card,,Standard,Anytime,345.8,London Kings Cross,York,20240430,71500,90500,90500,On Time,,No
8efb879f-099e-4ce1-b4a2,20240430,60202,Online,Credit Card,,Standard,Anytime,29.64,Liverpool Lime Street,Manchester Piccadilly,20240430,73000,80000,80000,On Time,,No
64ee8a2e-4e55-42ee-9210,20240430,60207,Online,Credit Card,,Standard,Anytime,88.92,Reading,Swindon,20240430,73000,81500,81500,On Time,,No
42d6801d-9026-4b9c-987b,20240430,60538,Online,Credit Card,,Standard,Anytime,88.92,Reading,Swindon,20240430,73000,81500,81500,On Time,,No
a4416390-c6ff-4d00-93b7,20240430,60556,Online,Credit Card,,Standard,Anytime,88.92,Reading,Swindon,20240430,73000,81500,81500,On Time,,No
c1b9c3b8-2644-4abd-8a29,20240430,61223,Online,Credit Card,Disabled,Standard,Anytime,222.3,York,Peterborough,20240430,73000,84000,84000,On Time,,No
055e3fbb-161f-425d-a860,20240430,61248,Online,Credit Card,,Standard,Anytime,345.8,London Kings Cross,York,20240430,73000,92000,92000,On Time,,No
838be54d-faf5-40a3-a9d6,20240430,61505,Online,Credit Card,,Standard,Anytime,24.700000000000003,Manchester Piccadilly,Liverpool Lime Street,20240430,74500,81500,81500,On Time,,No
8792b0aa-c5b3-4c8f-8ab0,20240430,62324,Station,Credit Card,,Standard,Anytime,345.8,London Kings Cross,York,20240430,74500,93500,93500,On Time,,No
ad9dbdb4-2ea2-47f6-a9b8,20240430,63011,Online,Contactless,,Standard,Anytime,123.50000000000001,London Paddington,Reading,20240430,80000,90000,90000,On Time,,No
0a8a3452-c6c7-4d25-a5c4,20240430,63631,Online,Credit Card,Disabled,Standard,Anytime,469.3,London Euston,Manchester Piccadilly,20240430,80000,95000,95000,On Time,,No
0867426f-679a-40de-9888,20240430,63709,Online,Credit Card,Disabled,Standard,Anytime,469.3,London Euston,Manchester Piccadilly,20240430,80000,95000,95000,On Time,,No
8d22f256-2fd3-4d1a-a8e3,20240430,63800,Online,Contactless,Senior,Standard,Anytime,54.34,London St Pancras,Birmingham New Street,20240430,80000,92000,92000,On Time,,No
cdade72b-55dd-4ff3-9f1e,20240430,64106,Station,Credit Card,,Standard,Anytime,745.94,Liverpool Lime Street,London Euston,20240430,80000,101500,110400,Delayed,Weather,No
328275bf-1825-4e42-a399,20240430,70559,Station,Contactless,,Standard,Anytime,24.700000000000003,Manchester Piccadilly,Liverpool Lime Street,20240430,83000,90000,90000,On Time,,No
5e25673a-2d48-429b-a9f8,20240430,71549,Online,Credit Card,,Standard,Anytime,345.8,London Kings Cross,York,20240430,84500,103500,103500,On Time,,No
ba5d1a8b-4b0c-4f1e-b6fb,20240430,71851,Online,Credit Card,,Standard,Anytime,172.9,London Paddington,Oxford,20240430,74500,91500,91500,On Time,,No
96ccd180-be65-45c9-ace9,20240430,72441,Online,Credit Card,,Standard,Anytime,172.9,London Paddington,Oxford,20240430,74500,91500,91500,On Time,,No
8b3be5ee-a4a0-41dc-8149,20240430,73423,Online,Contactless,,Standard,Off-Peak,49.400000000000006,London Euston,Birmingham New Street,20240430,90000,102000,102000,On Time,,No
72b361db-fb8d-4761-9160,20240430,74230,Online,Contactless,,Standard,Off-Peak,93.86000000000001,London Paddington,Reading,20240430,90000,100000,100000,On Time,,No
a3faa0ea-baab-4837-874e,20240430,74822,Online,Contactless,Disabled,Standard,Anytime,237.12,London Kings Cross,Edinburgh Waverley,20240430,160000,202000,202000,On Time,,No
4d622605-ba3c-4273-b589,20240430,75643,Station,Credit Card,,Standard,Off-Peak,24.700000000000003,Liverpool Lime Street,Manchester Piccadilly,20240430,91500,94500,94500,On Time,,No
6041a0e1-9d8c-4111-b80f,20240430,75807,Online,Contactless,Disabled,Standard,Off-Peak,39.52,London St Pancras,Birmingham New Street,20240430,91500,103500,103500,On Time,,No
89816ab3-4cc5-401c-b693,20240430,75818,Online,Contactless,Senior,Standard,Off-Peak,14.82,Manchester Piccadilly,Liverpool Lime Street,20240430,91500,94500,94500,On Time,,No
bfa4c575-f1c4-461a-bbc8,20240430,81958,Online,Contactless,,Standard,Off-Peak,49.400000000000006,London Euston,Birmingham New Street,20240430,94500,110500,110500,On Time,,No
983c6d7c-6a2b-40d6-98d5,20240430,90351,Online,Contactless,,Standard,Off-Peak,24.700000000000003,Manchester Piccadilly,Sheffield,20240430,103000,111500,111500,On Time,,No
06e4fd1c-6a2a-4d33-92a7,20240430,90803,Online,Credit Card,Adult,Standard,Off-Peak,39.52,London St Pancras,Birmingham New Street,20240430,103000,115000,115000,On Time,,No
f9467d6c-3942-4993-bdf2,20240430,93216,Online,Contactless,,First Class,Off-Peak,395.20000000000005,London St Pancras,Birmingham New Street,20240430,110000,122000,122000,On Time,,No
e73a06ce-82cd-427f-8401,20240430,93538,Station,Credit Card,,Standard,Off-Peak,49.400000000000006,London Euston,Birmingham New Street,20240430,110000,122000,122000,On Time,,No
d30c639f-2763-47f3-bdc5,20240430,93538,Station,Contactless,,Standard,Off-Peak,19.76,Manchester Piccadilly,Liverpool Lime Street,20240430,110000,113000,141900,Delayed,Staff Shortage,No
01262da9-7e6e-4975-b78f,20240430,93840,Online,Contactless,,Standard,Off-Peak,128.44,Oxford,Bristol Temple Meads,20240430,110000,121500,121500,On Time,,No
ba52a08b-a040-454b-a181,20240430,93926,Station,Credit Card,Adult,Standard,Off-Peak,29.64,Birmingham New Street,Liverpool Lime Street,20240430,110000,123000,123000,On Time,,No
e5f2a2e5-21e4-420f-9b83,20240430,94356,Station,Contactless,,Standard,Off-Peak,19.76,Manchester Piccadilly,Liverpool Lime Street,20240430,110000,113000,141900,Delayed,Staff Shortage,No
0ac57d66-25e4-4888-9fe4,20240430,95142,Station,Credit Card,,Standard,Off-Peak,19.76,Manchester Piccadilly,Liverpool Lime Street,20240430,111500,114500,114500,On Time,,No
4212c6cc-921e-4a5e-86dd,20240430,104147,Station,Debit Card,Adult,Standard,Off-Peak,54.34,Birmingham New Street,Manchester Piccadilly,20240430,111500,123500,124900,Delayed,Technical Issue,Yes
b587e0cd-19f9-47f8-9d79,20240430,111316,Station,Contactless,,Standard,Off-Peak,49.400000000000006,London Euston,Birmingham New Street,20240430,123000,135000,135000,On Time,,No
1ada3b2e-1f87-475e-bfcb,20240430,112726,Station,Credit Card,,Standard,Off-Peak,19.76,Manchester Piccadilly,Liverpool Lime Street,20240430,124500,131500,131500,On Time,,No
4257780c-4c07-4a17-ac12,20240430,113457,Online,Credit Card,Disabled,Standard,Off-Peak,14.82,Liverpool Lime Street,Manchester Piccadilly,20240430,130000,133000,133000,On Time,,No
b4a3ff9e-1e55-49a4-81bc,20240430,114627,Online,Credit Card,,Standard,Off-Peak,49.400000000000006,London Euston,Birmingham New Street,20240430,131500,143500,143500,On Time,,No
d8bc2324-e1ee-4be3-a8af,20240430,115333,Station,Contactless,Senior,Standard,Off-Peak,14.82,Manchester Piccadilly,Liverpool Lime Street,20240430,131500,134500,,Cancelled,Technical Issue,Yes
d9863ce9-9511-4e81-b9c3,20240430,115932,Station,Contactless,Senior,Standard,Off-Peak,14.82,Manchester Piccadilly,Liverpool Lime Street,20240430,131500,134500,,Cancelled,Technical Issue,No
85c01f86-eb8e-4718-9cc6,20240430,121348,Station,Contactless,Senior,Standard,Off-Peak,14.82,Manchester Piccadilly,Liverpool Lime Street,20240430,133000,140000,140000,On Time,,No
606be109-f8e2-4267-b63f,20240430,121740,Online,Credit Card,,First Class,Off-Peak,1002.82,Manchester Piccadilly,London Paddington,20240430,134500,160000,160000,On Time,,No
7874cf24-bb5f-4877-b8ac,20240430,123707,Station,Contactless,,Standard,Off-Peak,93.86000000000001,London Paddington,Reading,20240430,140000,150000,150000,On Time,,No
84e8fb41-4db2-4ad4-ab5f,20240430,125548,Online,Contactless,Adult,First Class,Off-Peak,49.400000000000006,Manchester Piccadilly,Liverpool Lime Street,20240430,141500,144500,144500,On Time,,No
7f567a6a-afb9-45e7-a85e,20240430,131343,Station,Credit Card,Adult,Standard,Off-Peak,64.22,London Paddington,Reading,20240430,143000,153000,153000,On Time,,No
8dc984de-1334-447a-85e8,20240430,135942,Online,Credit Card,,Standard,Off-Peak,59.28,London St Pancras,Birmingham New Street,20240430,151500,163500,163500,On Time,,No
b7b872e4-315f-49e4-91bc,20240430,140310,Station,Credit Card,,Standard,Off-Peak,39.52,Birmingham New Street,Liverpool Lime Street,20240430,153000,170000,170000,On Time,,No
1217992f-1d9f-4791-bd49,20240430,140337,Online,Credit Card,Disabled,Standard,Off-Peak,34.580000000000005,London Euston,Birmingham New Street,20240430,153000,165000,,Cancelled,Traffic,No
8147f9de-3f49-43f7-8b68,20240430,141208,Station,Credit Card,,Standard,Off-Peak,93.86000000000001,Reading,London Paddington,20240430,153000,155500,155500,On Time,,No
a3e1efd6-b9c7-4f34-87d1,20240430,141419,Online,Credit Card,,First Class,Off-Peak,395.20000000000005,London St Pancras,Birmingham New Street,20240430,153000,165000,165000,On Time,,No
23c7121b-4153-42f3-836e,20240430,143333,Station,Contactless,Senior,Standard,Anytime,14.82,Manchester Piccadilly,Liverpool Lime Street,20240430,160000,163000,163000,On Time,,No
4ba905ba-fef3-466c-b929,20240430,143538,Station,Credit Card,,Standard,Anytime,29.64,Liverpool Lime Street,Manchester Piccadilly,20240430,160000,163000,163000,On Time,,No
62dcde3b-50ee-49db-a8d5,20240430,143705,Station,Credit Card,,Standard,Anytime,345.8,London Kings Cross,York,20240430,160000,175000,,Cancelled,Staff Shortage,Yes
e7efb8ae-cb3a-44c1-8604,20240430,143925,Station,Credit Card,Adult,Standard,Anytime,83.98,London Paddington,Reading,20240430,160000,170000,170000,On Time,,No
466669e1-98fd-4665-ad28,20240430,144301,Station,Debit Card,Disabled,Standard,Anytime,44.46,London Euston,Birmingham New Street,20240430,160000,172000,172000,On Time,,No
501465d1-3e12-4d39-94cb,20240430,144348,Station,Credit Card,Adult,Standard,Anytime,44.46,London Euston,Birmingham New Street,20240430,160000,172000,172000,On Time,,No
dd8dcb2c-4e1e-4f05-a087,20240430,144434,Station,Credit Card,Adult,Standard,Anytime,44.46,London Euston,Birmingham New Street,20240430,160000,172000,172000,On Time,,No
569065be-c4e0-47d4-98c5,20240430,144435,Station,Debit Card,Disabled,Standard,Anytime,44.46,London Euston,Birmingham New Street,20240430,160000,172000,172000,On Time,,No
844f5c11-d9dd-479b-bb36,20240430,144956,Online,Contactless,Adult,Standard,Anytime,14.82,Manchester Piccadilly,Liverpool Lime Street,20240430,161500,164500,164500,On Time,,No
c824e706-a95b-4be3-88e5,20240430,145100,Online,Contactless,Adult,Standard,Anytime,14.82,Manchester Piccadilly,Liverpool Lime Street,20240430,161500,164500,164500,On Time,,No
f71e0949-1e43-4f9b-b026,20240430,153917,Station,Credit Card,,Standard,Anytime,745.94,Liverpool Lime Street,London Euston,20240430,170000,191500,191500,On Time,,No
0803c474-70ee-4d41-a3da,20240430,154101,Online,Credit Card,,Standard,Anytime,345.8,London Kings Cross,York,20240430,170000,185000,185000,On Time,,No
17484be2-0463-442b-b6d6,20240430,154425,Online,Credit Card,,Standard,Anytime,345.8,London Kings Cross,York,20240430,170000,185000,185000,On Time,,No
f8b162cb-514c-4a18-988c,20240430,160443,Station,Credit Card,Adult,Standard,Anytime,44.46,London Euston,Birmingham New Street,20240430,174500,190500,190500,On Time,,No
bda649b6-4006-4589-b55b,20240430,160647,Station,Credit Card,,Standard,Anytime,24.700000000000003,Manchester Piccadilly,Liverpool Lime Street,20240430,174500,181500,181500,On Time,,No
d1aabd29-0988-4225-87e5,20240430,160741,Station,Credit Card,Adult,Standard,Anytime,44.46,London Euston,Birmingham New Street,20240430,174500,190500,190500,On Time,,No
cdc834e7-5deb-461e-a418,20240430,160816,Station,Credit Card,Adult,Standard,Anytime,44.46,London Euston,Birmingham New Street,20240430,174500,190500,190500,On Time,,No
5f0a3bef-22e4-41e3-92ff,20240430,161120,Station,Credit Card,Adult,Standard,Anytime,44.46,London Euston,Birmingham New Street,20240430,174500,190500,190500,On Time,,No
8238d80b-e3b1-4448-8447,20240430,161133,Station,Credit Card,,Standard,Anytime,24.700000000000003,Manchester Piccadilly,Liverpool Lime Street,20240430,174500,181500,181500,On Time,,No
4c264024-7a5b-45d9-99de,20240430,161257,Station,Credit Card,,Standard,Anytime,49.400000000000006,Birmingham New Street,Tamworth,20240430,174500,180500,,Cancelled,Staffing,No
ef850469-e0da-422a-aff5,20240430,163743,Station,Credit Card,Disabled,Standard,Anytime,54.34,London St Pancras,Birmingham New Street,20240430,180000,192000,192000,On Time,,No
5dd5c27f-fd92-42c5-95f9,20240430,170554,Station,Debit Card,Adult,Standard,Anytime,498.94000000000005,Liverpool Lime Street,London Euston,20240430,173000,194500,201300,Delayed,Technical Issue,Yes
471bf3a2-aef7-4165-b493,20240430,171004,Station,Debit Card,Adult,Standard,Anytime,54.34,London St Pancras,Birmingham New Street,20240430,184500,200500,,Cancelled,Signal Failure,No
465e3643-fb67-4deb-8ec9,20240430,171332,Station,Debit Card,Senior,First Class,Anytime,711.36,London Euston,Manchester Piccadilly,20240430,184500,203500,,Cancelled,Signal failure,No
753b9f3f-15cd-42be-8af0,20240430,171420,Online,Credit Card,Adult,Standard,Anytime,19.76,Liverpool Lime Street,Manchester Piccadilly,20240430,183000,190000,190000,On Time,,No
2e96cde6-50c1-4311-8089,20240430,171604,Station,Credit Card,Adult,Standard,Anytime,469.3,London Euston,Manchester Piccadilly,20240430,184500,203500,,Cancelled,Signal failure,Yes
09e207d9-db49-4ec0-9c4f,20240430,172114,Online,Contactless,,Standard,Anytime,24.700000000000003,Manchester Piccadilly,Liverpool Lime Street,20240430,184500,191500,,Cancelled,Weather Conditions,No
43675a86-9531-4a50-929f,20240430,172513,Online,Credit Card,,Standard,Anytime,49.400000000000006,Birmingham New Street,Tamworth,20240430,184500,190500,190500,On Time,,No
1eacd955-f539-4c79-adb6,20240430,172633,Online,Credit Card,,Standard,Anytime,79.04,London St Pancras,Birmingham New Street,20240430,184500,200500,,Cancelled,Signal Failure,No
a0e238b7-1ad1-4bf7-bd6c,20240430,181150,Online,Credit Card,Senior,First Class,Anytime,64.22,Manchester Piccadilly,Liverpool Lime Street,20240430,184500,191500,,Cancelled,Weather Conditions,No
3e5e22f5-5a52-4895-998c,20240430,183822,Station,Credit Card,,Standard,Off-Peak,93.86000000000001,London Paddington,Reading,20240430,200000,210000,210000,On Time,,No
23383158-7ba6-43f8-997b,20240430,184046,Online,Credit Card,,Standard,Off-Peak,49.400000000000006,London Euston,Birmingham New Street,20240430,200000,212000,212000,On Time,,No
1304623d-b8b7-4999-8e9c,20240430,184258,Online,Credit Card,,Standard,Off-Peak,19.76,Manchester Piccadilly,Liverpool Lime Street,20240430,200000,203000,203000,On Time,,No
7da22246-f480-417c-bc2f,20240430,184610,Online,Contactless,,Standard,Off-Peak,49.400000000000006,London Euston,Birmingham New Street,20240430,201500,213500,213500,On Time,,No
add9debf-46c1-4c75-b52d,20240430,185641,Station,Credit Card,,Standard,Off-Peak,19.76,Manchester Piccadilly,Liverpool Lime Street,20240430,201500,204500,204500,On Time,,No
b92b047c-21fd-4859-966a,20240430,195147,Station,Credit Card,,Standard,Off-Peak,49.400000000000006,London Euston,Birmingham New Street,20240430,211500,223500,223500,On Time,,No
1d5d89a2-bde5-410f-8f91,20240430,200539,Station,Credit Card,Adult,Standard,Off-Peak,14.82,Liverpool Lime Street,Manchester Piccadilly,20240430,213000,220000,220000,On Time,,No
